DATE;C;CIRCUIT;DISTRICT;NB_COLIS;PGEO;RUE;NUMEROS_RUE
01/12/2025;542;657;d 1;3;3;rue daumesnil;13, 17, 23
01/12/2025;542;658;d 2;2;2;square daumesnil;3, 4
01/12/2025;542;658;d 2;3;3;rue charles pathe;3, 5, 10
01/12/2025;542;658;d 2;6;4;allee georges pompidou;4, 7, 16, 18
01/12/2025;541;659;d 3;8;5;rue lejemptel;3, 4, 5, 6, 14
01/12/2025;541;688;d 3;1;1;boulevard de la liberation;52
01/12/2025;541;651;d 1;1;1;rue de la liberte;22, 11, 30BIS, 32, 23, 7TER, 13, 30, 30TER, 15, 29, 9BIS, 18, 52, 45
01/12/2025;541;654;d 4;8;5;rue du commandant mowat;7, 12, 32, 57, 64
01/12/2025;541;654;d 4;1;1;rue du lieutenant quennehen;14
01/12/2025;541;654;d 4;10;8;boulevard de la liberation;33, 49, 53, 78, 88, 89, 89BIS, 106
01/12/2025;541;654;d 4;1;1;rue de la marseillaise;39
01/12/2025;541;654;d 4;1;1;rue de la liberte;22, 11, 30BIS, 32, 23, 7TER, 13, 30, 30TER, 15, 29, 9BIS, 18, 52, 45
01/12/2025;541;654;d 4;8;7;rue de la jarry;40, 62, 95, 111, 117, 121, 164
01/12/2025;541;655;d 5;23;15;rue diderot;82, 95, 98, 100, 102, 120, RC124, 145, 162, 198, 210, RC215, 216, 222, 275
01/12/2025;541;655;d 5;3;3;rue de la bienfaisance;41, 45, 46
01/12/2025;541;655;d 5;3;2;rue de la renardiere;6, RC16
01/12/2025;541;655;d 5;2;1;villa faie felix;3
01/12/2025;541;655;d 5;7;5;rue faie felix;5, 6, 9, 12, 18
22/11/2025;542;660;d 4;23;14;rue de montreuil;31BIS, 37, 39BIS, 68, 70, 80, RC82, RC92, 94BIS, 98, 110A, 114, 130, 132
22/11/2025;542;660;d 4;8;7;rue de l eglise;1BIS, 2, 4, 4BIS, 5, 21, 29
22/11/2025;542;661;d 5;14;10;rue de la paix;4, 6, 9TER, 14BIS, 20, 22, 25, 28
22/11/2025;542;661;d 5;4;2;rue de la fraternite;6, 17
22/11/2025;542;661;d 5;2;1;rue de belfort;25
22/11/2025;542;661;d 5;2;2;rue gilbert clerfayt;4, 6
22/11/2025;542;661;d 5;1;1;passage des varennes;9
22/11/2025;542;661;d 5;11;4;rue des meuniers;1, 7, 9, RC55
20/11/2025;548;659;d 3;1;1;rue raymond du temple;5
20/11/2025;542;660;d 4;42;17;rue de montreuil;31BIS, 33, 35, 68, 74BIS, RC82, RC92, 94TER, 100, 102, 106, 108BIS, 112, 120, 138, 146, 152
20/11/2025;542;660;d 4;8;6;rue de l eglise;2, 4BIS, 18, 22, 28BIS, 30
20/11/2025;542;661;d 5;20;13;rue de la paix;4, 6BIS, 11, 11QUATER, 12, 19, 22, 25, 28, 30, 35
20/11/2025;542;661;d 5;4;2;rue de la fraternite;6, 12
20/11/2025;542;661;d 5;4;3;rue monmory;1, 12, 14
20/11/2025;542;661;d 5;2;2;rue de belfort;2, 12
20/11/2025;542;661;d 5;9;2;rue gilbert clerfayt;1, 6
20/11/2025;542;661;d 5;26;7;rue des meuniers;3, 5, 9, 15, 17TER, 39, RC55
19/11/2025;541;655;d 5;1;1;rue diderot;191
19/11/2025;542;657;d 1;1;1;rue de montreuil;13
19/11/2025;542;657;d 1;1;1;avenue de la republique;92
19/11/2025;542;657;d 1;6;6;rue du midi;1TER, 3, 6, 7, 10, 16
19/11/2025;542;659;d 3;1;1;rue eugene renaud;(illisible)
19/11/2025;548;659;d 3;14;8;rue raymond du temple;2, 3, 5, 7, 11, 32, 66, 82
19/11/2025;548;659;d 3;10;6;rue lejemptel;3, 6, 9, 12, 14, 22
19/11/2025;548;659;d 3;1;1;allee charles v;5
19/11/2025;542;659;d 3;7;5;avenue du chateau;28, 30, 37, 38, 40
19/11/2025;542;660;d 4;34;17;rue de montreuil;35, 35BIS, 39, 68, RC82, RC92, 94TER, 98, 100, 102, 108BIS, 110, 112, 120, 132, 146, 152
19/11/2025;542;660;d 4;7;6;rue de l eglise;2, 2BIS, 4BIS, 11, 12, 18
19/11/2025;542;661;d 5;12;6;rue de la paix;4, 12, 22, 25, 28, 56
19/11/2025;542;661;d 5;6;6;rue de la fraternite;10, 12, 13, 17, 23, 25
19/11/2025;542;661;d 5;2;1;rue monmory;1
19/11/2025;542;661;d 5;4;4;rue de belfort;2, 17, 20, 23QUATER
19/11/2025;542;661;d 5;10;2;rue gilbert clerfayt;5, 6
19/11/2025;542;661;d 5;12;5;rue des meuniers;3, 9BIS, 35, 43, RC55
21/11/2025;542;657;d 1;1;1;avenue de la republique;28
21/11/2025;542;658;d 2;1;1;allee georges pompidou;7
21/11/2025;542;660;d 4;30;16;rue de montreuil;35BIS, 39, 43, 45, 47, 70, 72, 74BIS, RC82, RC92, 94, 98BIS, 114, 118, 132, 152
21/11/2025;542;660;d 4;5;5;rue de l eglise;4BIS, 5, 18, 28BIS
21/11/2025;542;661;d 5;17;11;rue de la paix;4, 9TER, 15, 18, 22, 25, 27, 28, 44, 50, 58
21/11/2025;542;661;d 5;6;5;rue de la fraternite;4, 6, 7, 12, 17
21/11/2025;542;661;d 5;2;2;rue monmory;1, 14
21/11/2025;542;661;d 5;2;2;rue de belfort;2, 25
21/11/2025;542;661;d 5;7;2;rue gilbert clerfayt;1, 6
21/11/2025;542;661;d 5;13;5;rue des meuniers;7, 9BIS, 13, 15, RC55
21/11/2025;546;673;d 5;1;1;rue d estienne d orves;29
21/11/2025;546;681;d 2;1;1;rue victor basch;2BIS
25/02/2026;541;651;d 1;4;1;rue de conde sur noireau;2
25/02/2026;541;651;d 1;1;1;avenue de vorges;6
25/02/2026;541;651;d 1;3;3;rue de la liberte;22, 11, 30BIS, 32, 23, 7TER, 13, 30, 30TER, 15, 29, 9BIS, 18, 52, 45
25/02/2026;541;651;d 1;5;5;rue joseph gaillard;6, 7, 9, 10, 16
25/02/2026;541;651;d 1;5;4;rue joseph gaillard;57, 59, 65, 71
25/02/2026;541;651;d 1;1;1;rue de verdun;2
25/02/2026;546;652;d 2;2;1;rue charles silvestri;45
25/02/2026;546;652;d 2;11;8;rue leroyer;2TER, 6, 9, 10, 19, 22, 40, 42BIS
25/02/2026;546;652;d 2;2;2;rue de la solidarite;22, 34
25/02/2026;546;652;d 2;11;9;rue crebillon;2, 12BIS, 15, 18, 20, 31, 38, 44, 46
25/02/2026;541;652;d 2;16;7;rue diderot;13, 28, 40, 44, 51, 57, 72
25/02/2026;546;653;d 3;4;3;rue charles silvestri;17, 19BIS, 21
25/02/2026;541;653;d 3;1;1;rue de la marseillaise;15
25/02/2026;541;653;d 3;1;1;rue de la liberte;22, 11, 30BIS, 32, 23, 7TER, 13, 30, 30TER, 15, 29, 9BIS, 18, 52, 45
25/02/2026;541;653;d 3;1;1;rue de la jarry;30
25/02/2026;546;681;d 2;3;2;rue dohis;3, 5
25/02/2026;546;681;d 2;24;17;rue des laitieres;5, 7, 8, 9, 10, 13, 16, 17, 22, 27, 31, 46, 47BIS, 49, 52, 56
25/02/2026;546;681;d 2;27;8;rue georges huchon;RC2, 3, 4, 7, 9, 12, 15, 28
25/02/2026;546;681;d 2;11;7;rue de la prevoyance;3, 14, 19, 25, 46, 50, 55
25/02/2026;546;681;d 2;3;2;avenue georges clemenceau;17, 21
25/02/2026;546;681;d 2;1;1;rue eugene blot;3
25/02/2026;546;681;d 2;12;7;rue renon;2, 3, 5BIS, 6, 12, 14, 36
25/02/2026;546;681;d 2;1;1;rue victor basch;30
25/02/2026;546;682;d 3;3;3;rue de lagny;25, 41, 45BIS
25/02/2026;546;682;d 3;7;4;rue fays;14, 21, 28, 30
25/02/2026;546;682;d 3;9;7;rue celine robert;2, 3, 12, 22, 32, 45
25/02/2026;546;682;d 3;2;2;rue charles marinier;1, 3
25/02/2026;546;683;d 4;20;13;rue massue;3, 4, 11, 16, 31, 32, 40, 41, 42, 43, 54, 55, 60
25/02/2026;542;683;d 4;1;1;avenue de la republique;1
25/02/2026;546;683;d 4;1;1;rue de l egalite;7
25/02/2026;546;683;d 4;5;4;rue de colmar;1, 2, 5, 6
25/02/2026;546;683;d 4;13;8;avenue aubert;42, 44, 56, 64, 74, 84, 86BIS, 88
25/02/2026;546;684;d 5;3;2;avenue antoine quinson;2, 4
25/02/2026;546;684;d 5;3;2;villa beausejour;13
25/02/2026;546;684;d 5;1;1;rue du docteur lebel;9
25/02/2026;546;684;d 5;1;1;rue eugenie gerard;6
25/02/2026;546;684;d 5;7;6;rue villebois mareuil;4, 8, 9, 16, 19
25/02/2026;546;684;d 5;5;4;rue de montreuil;2, 3, 5, 22
25/02/2026;544;684;d 5;3;3;rue jean moulin;2TER, 4, 17
25/02/2026;546;684;d 5;2;2;rue d estienne d orves;4
23/02/2026;546;681;d 2;1;1;rue dohis;15
23/02/2026;546;681;d 2;6;6;rue des laitieres;6, 14, 23, 47BIS, 51BIS, 53
23/02/2026;546;681;d 2;7;4;rue georges huchon;RC2, 7, 13, 28
23/02/2026;546;681;d 2;3;3;rue de la prevoyance;31, 47, 59
23/02/2026;546;681;d 2;3;3;avenue georges clemenceau;14, 15, 21
23/02/2026;546;681;d 2;5;4;rue renon;3, 10, 16, 36
23/02/2026;546;681;d 2;1;1;villa saint joseph;4
23/02/2026;546;682;d 3;5;2;rue de lagny;25, 47
23/02/2026;546;682;d 3;1;1;rue fays;24
23/02/2026;546;682;d 3;3;3;rue celine robert;39, 42, 46
23/02/2026;546;683;d 4;5;5;rue massue;1, 20TER, 25, 60
23/02/2026;542;683;d 4;2;2;avenue de la republique;1, 2
23/02/2026;546;683;d 4;2;2;rue de l egalite;12, 14
23/02/2026;546;683;d 4;4;2;rue de colmar;3, 5
23/02/2026;546;683;d 4;6;2;avenue aubert;44, 62, 64BIS, 94
23/02/2026;546;684;d 5;1;1;avenue antoine quinson;6B
23/02/2026;546;684;d 5;2;2;rue du docteur lebel;11, 23
23/02/2026;546;684;d 5;2;2;rue de montreuil;6, 12
24/02/2026;541;651;d 1;1;1;rue de conde sur noireau;2
24/02/2026;541;651;d 1;2;2;avenue de vorges;4, 24
24/02/2026;541;651;d 1;1;1;rue de la liberte;22, 11, 30BIS, 32, 23, 7TER, 13, 30, 30TER, 15, 29, 9BIS, 18, 52, 45
24/02/2026;541;651;d 1;3;2;rue joseph gaillard;6, 18
24/02/2026;541;651;d 1;10;7;rue joseph gaillard;22BIS, 37, 40, 47, 65, 71, 77
24/02/2026;546;652;d 2;1;1;rue charles silvestri;45
24/02/2026;546;652;d 2;3;3;rue leroyer;23, 27, 42BIS
24/02/2026;546;652;d 2;4;3;rue crebillon;15, 28, 46
24/02/2026;541;653;d 3;11;4;rue diderot;19, 28, 40, 44, 45
24/02/2026;546;653;d 3;1;1;rue charles silvestri;38
24/02/2026;541;653;d 3;4;2;villa lamarre;4, 5
26/02/2026;541;651;d 1;3;1;rue de conde sur noireau;2
26/02/2026;541;651;d 1;2;2;avenue de vorges;4, 6
26/02/2026;541;651;d 1;7;5;rue de la liberte;22, 11, 30BIS, 32, 23, 7TER, 13, 30, 30TER, 15, 29, 9BIS, 18, 52, 45
26/02/2026;541;651;d 1;5;3;rue joseph gaillard;6, 14, 18
26/02/2026;541;651;d 1;9;7;rue joseph gaillard;37, 40, 47, 52BIS, 65, 71, 77
26/02/2026;541;652;d 2;1;1;rue de verdun;2
26/02/2026;546;652;d 2;2;2;rue charles silvestri;43, 45
26/02/2026;546;652;d 2;3;3;rue leroyer;15, 23, 42BIS
26/02/2026;546;652;d 2;3;3;rue crebillon;3, 28, 38
26/02/2026;541;653;d 3;12;5;rue diderot;19, 40, 44, 57, 64
26/02/2026;546;653;d 3;4;3;rue charles silvestri;19BIS, 21, 38
26/02/2026;541;653;d 3;4;3;rue de la marseillaise;23, 28, 31
26/02/2026;541;653;d 3;3;2;rue de la jarry;9, 13
27/02/2026;541;651;d 1;3;3;rue de la liberte;22, 11, 30BIS, 32, 23, 7TER, 13, 30, 30TER, 15, 29, 9BIS, 18, 52, 45
27/02/2026;541;651;d 1;4;3;rue joseph gaillard;5, 10, 18
27/02/2026;541;652;d 2;10;7;rue joseph gaillard;40, 46, 52BIS, 55, 65, 71, 77
27/02/2026;546;652;d 2;1;1;rue charles silvestri;43
27/02/2026;546;652;d 2;5;5;rue leroyer;3, 6BIS, 23, 31, 38
27/02/2026;546;652;d 2;1;1;rue de la solidarite;44
27/02/2026;546;652;d 2;5;5;rue crebillon;12, 21, 29, 44, 46
27/02/2026;541;653;d 3;8;4;rue diderot;28, 41, 44, 44, 62
27/02/2026;546;653;d 3;1;1;rue charles silvestri;19BIS
27/02/2026;541;653;d 3;2;2;rue de la marseillaise;15, 22
27/02/2026;541;653;d 3;1;1;rue de la liberte;22, 11, 30BIS, 32, 23, 7TER, 13, 30, 30TER, 15, 29, 9BIS, 18, 52, 45
27/02/2026;541;653;d 3;1;1;villa lamarre;5
28/02/2026;541;651;d 1;1;1;rue de conde sur noireau;2
28/02/2026;541;651;d 1;4;4;rue de la liberte;22, 11, 30BIS, 32, 23, 7TER, 13, 30, 30TER, 15, 29, 9BIS, 18, 52, 45
28/02/2026;541;651;d 1;4;4;rue joseph gaillard;6, 10, 11, 18
28/02/2026;541;651;d 1;4;4;rue joseph gaillard;22BIS, 65, 71, 77
28/02/2026;541;651;d 1;1;1;rue de verdun;4
28/02/2026;546;652;d 2;2;2;rue charles silvestri;43, 45
28/02/2026;546;652;d 2;6;5;rue leroyer;3, 6BIS, 22, 22A, 38
28/02/2026;546;652;d 2;2;2;rue de la solidarite;22, 42
28/02/2026;546;652;d 2;6;6;rue crebillon;8, 15, 25, 26, 38, 46
28/02/2026;541;653;d 3;6;3;rue diderot;40, 44, 68
28/02/2026;546;653;d 3;3;3;rue charles silvestri;4, 16, 27
28/02/2026;541;653;d 3;1;1;rue de la liberte;22, 11, 30BIS, 32, 23, 7TER, 13, 30, 30TER, 15, 29, 9BIS, 18, 52, 45
28/02/2026;541;653;d 3;1;1;villa lamarre;4
28/02/2026;541;654;d 4;4;3;rue du commandant mowat;12, 13, 22
28/02/2026;546;654;d 4;7;6;boulevard de la liberation;49, 51, 53, 89BIS, 94BIS, 106
28/02/2026;541;654;d 4;2;1;rue de la marseillaise;39
28/02/2026;541;654;d 4;8;7;rue de la jarry;40, 77, 95, 101, 162, 174, 188
28/02/2026;541;655;d 5;13;12;rue diderot;100, 102, 133, 135, 178, 198, 199, 205, 210, 214, 231, 257
28/02/2026;545;655;d 5;1;1;rue jules massenet;22
28/02/2026;541;655;d 5;3;2;rue de la renardiere;7, 15BIS
28/02/2026;541;655;d 5;1;1;rue guynemer;5
28/02/2026;541;655;d 5;1;1;rue faie felix;20
27/02/2026;546;681;d 2;3;3;rue dohis;1, 16, 22
27/02/2026;546;681;d 2;19;13;rue des laitieres;8, 10, 14, 18, 23, 25, 26, 27, 29, 31, 45, 47BIS, 56
27/02/2026;546;681;d 2;25;10;rue georges huchon;RC2, 3, 6, 7, 8, 12, 13, 15, 27, 30
27/02/2026;546;681;d 2;10;8;rue de la prevoyance;4, 7, 15, 17, 33, 47, 49, 55
27/02/2026;546;681;d 2;3;3;avenue georges clemenceau;10, 12, 17
27/02/2026;546;681;d 2;2;2;rue eugene blot;1, 3
27/02/2026;546;681;d 2;3;3;rue renon;2, 15, 24
27/02/2026;546;681;d 2;5;5;rue victor basch;4, 10, 30, 33, 36
27/02/2026;546;682;d 3;8;5;rue de lagny;25, 39, 41, 45, 49
27/02/2026;546;682;d 3;4;3;rue fays;7, 28, 30
27/02/2026;546;682;d 3;4;4;rue celine robert;3, 12, 22, 44
27/02/2026;546;682;d 3;1;1;rue charles marinier;1
27/02/2026;546;683;d 4;14;11;rue massue;4, 11, 15, 19, 20BIS, 21, 32, 46, 55, 56, 60
27/02/2026;542;683;d 4;1;1;avenue de la republique;5
27/02/2026;546;683;d 4;2;1;rue de l egalite;8
27/02/2026;546;683;d 4;1;1;rue de colmar;5
27/02/2026;546;683;d 4;20;11;avenue aubert;42, 43, 46, 60, 62, 68, 74, 78, 80, 84, 90
27/02/2026;546;684;d 5;1;1;avenue antoine quinson;2
27/02/2026;546;684;d 5;1;1;rue eugene loeuil;3
27/02/2026;546;684;d 5;7;7;rue villebois mareuil;3, 4, 6, 11, 12, 16, 19
27/02/2026;546;684;d 5;3;2;rue de montreuil;3TER, 26
27/02/2026;544;684;d 5;2;2;rue jean moulin;2TER, 17
27/02/2026;546;684;d 5;2;2;rue d estienne d orves;4, 8
14/10/2025;547;651;d 1;1;1;avenue de nogent;9
14/10/2025;547;651;d 1;1;1;villa d idalie;3
14/10/2025;547;651;d 1;1;1;rue d idalie;6
14/10/2025;547;651;d 1;5;2;avenue foch;4, 23
14/10/2025;547;651;d 1;3;2;avenue fayolle;1, 2
14/10/2025;547;651;d 1;8;6;avenue pierre brossolette;8, 10, 18, 22, 24, 40
14/10/2025;547;659;d 3;1;1;avenue de paris;16
14/10/2025;547;697;d 1;8;6;rue de fontenay;1, 18, 19, 26, 40, 52, 105, 107, 109, 127, 155, 157, 169, 173, 174, 189, 195, 67, 73, 82, 84, 85, 95, 110, 146, 111, 117, 129, 180, 181, 184, 190, 194, 224, 242, 16, 33, 35, 36, 46, 51, 53, 54, 56, 62, 74, 76, 78, 80, 87, 89, 91, 120, 122
14/10/2025;547;697;d 1;4;3;cours marigny;3, 41, 63
14/10/2025;547;697;d 1;5;3;avenue gabriel peri;15, 23, 35
14/10/2025;547;693;d 2;22;17;avenue de paris;1, 1BIS, 5, 7, 18, 21, 27, 29, 31, 32, 48, 51, 57, 59, 72, 74, 88
14/10/2025;547;694;d 3;20;12;avenue de paris;112, 116, 120, 140, 143, 146, 152, 158, 160, 164BIS, 170, 172
14/10/2025;547;695;d 4;16;11;rue de fontenay;1, 18, 19, 26, 40, 52, 105, 107, 109, 127, 155, 157, 169, 173, 174, 189, 195, 67, 73, 82, 84, 85, 95, 110, 146, 111, 117, 129, 180, 181, 184, 190, 194, 224, 242, 16, 33, 35, 36, 46, 51, 53, 54, 56, 62, 74, 76, 78, 80, 87, 89, 91, 120, 122
14/10/2025;547;696;d 5;8;8;rue de fontenay;1, 18, 19, 26, 40, 52, 105, 107, 109, 127, 155, 157, 169, 173, 174, 189, 195, 67, 73, 82, 84, 85, 95, 110, 146, 111, 117, 129, 180, 181, 184, 190, 194, 224, 242, 16, 33, 35, 36, 46, 51, 53, 54, 56, 62, 74, 76, 78, 80, 87, 89, 91, 120, 122
29/11/2025;546;681;d 2;9;5;rue dohis;1, 5, 8, 10, 22
29/11/2025;546;681;d 2;25;18;rue des laitieres;3, 6, 9, 11, 13, 14, 16, 17, 20BIS, 23, 27, 31, 43, 45, 47, 47BIS, 56
29/11/2025;546;681;d 2;13;8;rue georges huchon;2, 7, 10, 12, 13, 17, 24, 28
29/11/2025;546;681;d 2;16;12;rue de la prevoyance;3, 9, 11, 15, 16, 22, 23, 28, 39, 50, 55, 61
29/11/2025;546;681;d 2;6;3;avenue georges clemenceau;5, 13, 21
29/11/2025;546;681;d 2;14;8;rue renon;1, 1BIS, 2, 3, 4, 14, 24, 36
29/11/2025;546;682;d 3;5;2;rue de lagny;25, 49
29/11/2025;546;682;d 3;7;3;rue fays;14, 26, 30
29/11/2025;546;682;d 3;14;7;rue celine robert;3, 12, 13, 22, 26, 39, 46
29/11/2025;546;682;d 3;2;2;rue charles marinier;RC4, 6
29/11/2025;546;683;d 4;20;12;rue massue;2BIS, 3, 4, 7, 11, 26, 29, 31, 32, 46, 48, 60
29/11/2025;546;684;d 5;7;6;avenue antoine quinson;2, 4, 6, 8, 12, 16
29/11/2025;546;684;d 5;3;3;villa beausejour;3, 6BIS, 13
29/11/2025;546;684;d 5;1;1;rue eugene loeuil;1
29/11/2025;546;684;d 5;3;2;rue du docteur lebel;1, 9
01/12/2025;546;657;d 1;6;6;avenue aubert;22, 26, 28, 30, 36, 40
01/12/2025;542;658;d 2;8;5;rue charles pathe;3, 4, 5, 10, 14
01/12/2025;542;658;d 2;1;1;allee georges pompidou;18
01/12/2025;546;673;d 5;1;1;avenue du chateau;18
01/12/2025;546;681;d 2;3;3;rue dohis;1, 5, 16
01/12/2025;546;681;d 2;14;11;rue des laitieres;3, 9, RC10, 13, 25, 27, 34, 47BIS, 49, 56, 58
01/12/2025;546;681;d 2;9;7;rue georges huchon;3, 6, 7, 9, 17, 25, 28
01/12/2025;546;681;d 2;6;6;rue de la prevoyance;2, 11, 17, 23, 25, 61
01/12/2025;546;681;d 2;5;5;avenue georges clemenceau;12, 14, 15, 17, 21
01/12/2025;546;681;d 2;5;2;rue renon;2, 36
01/12/2025;546;681;d 2;3;3;rue victor basch;4, 14, 32
01/12/2025;546;682;d 3;4;2;rue de lagny;25, 49
01/12/2025;546;682;d 3;10;4;rue fays;14, 24, 26, 30
01/12/2025;546;682;d 3;9;5;rue celine robert;12, 13, 22, 26, 46
01/12/2025;546;682;d 3;2;1;rue charles marinier;1
01/12/2025;546;683;d 4;13;10;rue massue;3, 12, 20TER, 21, 27, 29, 31, 32, 35, 54
01/12/2025;542;683;d 4;2;2;avenue de la republique;2, 18
01/12/2025;546;683;d 4;3;2;rue de l egalite;8, 14
01/12/2025;546;683;d 4;4;3;rue de colmar;1, 4, 6
01/12/2025;546;683;d 4;17;9;avenue aubert;42, 44, 56, 60, 78, 84, 94, 100, 102
01/12/2025;546;684;d 5;7;5;avenue antoine quinson;2, 3, 6, 8, 10, 16
01/12/2025;546;684;d 5;1;1;villa beausejour;4
01/12/2025;546;684;d 5;2;2;rue eugene loeuil;3, 4
01/12/2025;546;684;d 5;5;2;rue du docteur lebel;8, 9
01/12/2025;546;684;d 5;3;3;rue eugenie gerard;5, 6, 11
01/12/2025;546;684;d 5;4;4;rue villebois mareuil;6, 16, 19
01/12/2025;546;684;d 5;1;1;rue de montreuil;7
02/12/2025;546;681;d 2;6;4;rue dohis;3, 5, 10, 16
02/12/2025;546;681;d 2;36;17;rue des laitieres;2, 6, RC10, 12, 13, 18, 23, 25, 27, 29, 30, 41, 47, 47BIS, 51BIS, 56
02/12/2025;546;681;d 2;26;11;rue georges huchon;3, 7, 8, 9, 10, 12, 13, 15, 17, 25, 30
02/12/2025;546;681;d 2;17;11;rue de la prevoyance;2, 3, 4, 11, 22, 24, 27, 33, 40, 45, 61
02/12/2025;546;681;d 2;9;5;avenue georges clemenceau;3, 10, 17, 18, 21
02/12/2025;546;681;d 2;6;2;rue renon;3, 4, 6
02/12/2025;546;681;d 2;2;1;rue victor basch;30
02/12/2025;546;682;d 3;7;5;rue de lagny;5, 21, 25, 29, 39
02/12/2025;546;682;d 3;7;3;rue fays;24, 26, 30
02/12/2025;546;682;d 3;10;6;rue celine robert;3, 11, 12, 13, 44, 46
02/12/2025;546;682;d 3;2;1;rue charles marinier;1
15/10/2025;548;0;inconnu;1;1;rue raymond du temple;89
15/10/2025;542;673;d 5;1;1;avenue du chateau;RC18
15/10/2025;546;683;d 4;2;2;avenue aubert;44, 60
15/10/2025;542;657;d 1;12;7;rue de montreuil;13, 15, 21TER, 23, 25, 52, 60
15/10/2025;546;657;d 1;6;5;avenue aubert;22, 26, 28, 30, 38
15/10/2025;542;657;d 1;16;10;avenue de la republique;35, 41, 42, 48, 57, 87, 95, 100, 111, 133
15/10/2025;542;657;d 1;4;3;rue daumesnil;15, 16, 23
15/10/2025;542;657;d 1;11;10;rue mirabeau;6, 12, 17BIS, 19, 21, 23, 24, 25, 28, 30
15/10/2025;542;657;d 1;11;10;rue de strasbourg;4, 8, 30, 34, 42, 52, 52BIS, 53, 62, 64
15/10/2025;542;658;d 2;2;1;villa david;5
15/10/2025;542;658;d 2;5;3;square daumesnil;1, 3, 4
15/10/2025;542;658;d 2;9;4;rue charles pathe;2, 5, 7, 10
15/10/2025;547;658;d 2;1;1;rue de fontenay;164
15/10/2025;542;658;d 2;4;2;avenue du chateau;49, 51
15/10/2025;542;659;d 3;6;5;rue du midi;5, 6, 9, 11, 16
15/10/2025;548;659;d 3;7;7;rue raymond du temple;2, 3, 7, 12, 17, 26, 82
15/10/2025;548;659;d 3;8;8;rue lejemptel;2, 5, 9, 10, 11, 13, 14, 24
15/10/2025;542;659;d 3;15;8;avenue du chateau;28, 30, 35, 37, 38, 40, 44, 46
15/10/2025;542;660;d 4;7;6;rue de l eglise;4BIS, 12, 19, 24, 28BIS
04/12/2025;542;657;d 1;1;1;avenue de la republique;83
04/12/2025;542;657;d 1;1;1;rue mirabeau;23
04/12/2025;548;659;d 3;2;2;rue raymond du temple;25, 66
04/12/2025;542;659;d 3;1;1;avenue du chateau;38
04/12/2025;542;660;d 4;80;24;rue de montreuil;33, 35BIS, 37, 39, 39BIS, 41, 47, 68, 70, 72, 74BIS, RC82, RC92, 88, 94, 98BIS, 104, 108BIS, 110, 112, 114, 118, 150, 152
04/12/2025;542;660;d 4;10;5;rue de l eglise;5, 7, 20, 24, 28BIS
04/12/2025;542;661;d 5;23;12;rue de la paix;4, 6, 6BIS, 9TER, 14BIS, 18, 22, 25, 28, 37, 52, 58
04/12/2025;542;661;d 5;5;4;rue de la fraternite;6, 8, 10, 12
04/12/2025;542;661;d 5;4;3;rue monmory;4, 8, 16
04/12/2025;542;661;d 5;6;6;rue de belfort;2, 3, 11, 18BIS, 23, 25
04/12/2025;542;661;d 5;2;2;rue gilbert clerfayt;1, 6
04/12/2025;542;661;d 5;1;1;passage des varennes;2
04/12/2025;542;661;d 5;25;5;rue des meuniers;1, 9BIS, 15, 35, RC55
04/12/2025;546;673;d 5;1;1;rue segond;4
04/12/2025;542;673;d 5;2;1;avenue du chateau;RC18
04/12/2025;542;684;d 5;1;1;rue de montreuil;(illisible)
15/10/2025;544;669;d 1;11;9;avenue du general de gaulle;4, 8, 10, 10BIS, 16, 32, 34, 46, 50
15/10/2025;544;669;d 1;1;1;passage jean bastide;2
15/10/2025;544;669;d 1;1;1;rue du donjon;16
15/10/2025;544;669;d 1;12;3;rue anatole france;22BIS, 28, 30, 8
15/10/2025;544;669;d 1;7;5;rue louis besquel;1, 4, 18, 19, 20
15/10/2025;544;669;d 1;16;7;avenue des minimes;8, 16, 30, 34, 36, 40, 62
15/10/2025;544;670;d 2;13;11;avenue du petit parc;20, 22, 25, 27, 28, 34, 35, 36, 38, 39, 40
15/10/2025;544;670;d 2;2;1;cours louis lumiere;10
15/10/2025;544;670;d 2;1;1;square felix nadar;7
15/10/2025;544;670;d 2;6;6;allee jacques daguerre;1, 2, 3, 4, 6, 8
15/10/2025;544;670;d 2;14;7;allee nicephore niepce;1, 3, 4, 5, 6, 7, 8, 11
15/10/2025;544;671;d 3;3;2;allee felix nadar;3, 4
15/10/2025;544;671;d 3;11;4;avenue du petit parc;8, 12, 13, 15
15/10/2025;544;671;d 3;4;4;rue du lieutenant heitz;2, 13, 18, 27
15/10/2025;544;671;d 3;14;10;rue des vignerons;8, 11, 18, 22, 31, 43, 48, 50, 52
15/10/2025;544;672;d 4;16;8;avenue franklin roosevelt;4, 6, 8, 10, 20, 30, 32, 36
15/10/2025;544;672;d 4;1;1;rue du marechal maunoury;29
15/10/2025;544;672;d 4;14;6;rue jean moulin;25, 28BIS, 30BIS, 36, 39, 49
15/10/2025;546;673;d 5;5;1;rue segond;3
15/10/2025;546;673;d 5;6;3;rue d estienne d orves;14, 25, 29
15/10/2025;546;673;d 5;1;1;avenue lamartine;1
15/10/2025;544;673;d 5;4;3;rue saulpic;5, 8, 10
15/10/2025;544;673;d 5;10;8;rue robert giraudineau;1, 2, 3, 18, 21, 22, 25, 36
15/10/2025;546;673;d 5;3;3;rue segond;5, 8, 10
15/10/2025;544;673;d 5;7;5;rue du midi;20, 21, 27, 32, 40
15/10/2025;544;673;d 5;8;5;avenue du chateau;13, 14, 18BIS, 22, 24
15/10/2025;546;681;d 2;2;2;rue dohis;7, 11
15/10/2025;546;681;d 2;17;12;rue des laitieres;3, 10, 16, 22, 23, 25, 27, 31, 36, 53, 56
15/10/2025;546;681;d 2;12;9;rue georges huchon;3, 7, 9, 10, 12, 13, 15, 21, 24
15/10/2025;546;681;d 2;14;11;rue de la prevoyance;2, 3, 13, 17, 20, 22, 24, 32, 54, 59, 61
15/10/2025;546;681;d 2;5;4;avenue georges clemenceau;11, 14, 17, 19
15/10/2025;546;681;d 2;2;1;rue eugene blot;3
15/10/2025;546;681;d 2;7;6;rue renon;1, 1BIS, 2, 3, 5BIS, 36
15/10/2025;546;681;d 2;3;3;rue victor basch;6, 33, 36
15/10/2025;546;682;d 3;10;5;rue de lagny;25, 31, 39, 45BIS, 49
15/10/2025;546;682;d 3;4;2;rue fays;24, 30
15/10/2025;546;682;d 3;12;8;rue celine robert;3, 12, 13, 26, 42, 44, 46
15/10/2025;546;682;d 3;5;2;rue charles marinier;1, 4, 5
15/10/2025;546;683;d 4;19;14;rue massue;1, 4, 5, 11, 18, 19, 21, 26, 29, 31, 35, 41, 54
15/10/2025;542;683;d 4;12;6;avenue de la republique;1, 3, 5, 11, 18, 20
15/10/2025;546;683;d 4;1;1;avenue aubert;60
15/10/2025;546;684;d 5;11;4;avenue antoine quinson;2, 3, 4, 5, 10, 16
15/10/2025;546;684;d 5;1;1;villa beausejour;13
15/10/2025;546;684;d 5;2;2;rue villebois mareuil;18, 19
15/10/2025;546;684;d 5;1;1;rue de montreuil;7
15/10/2025;544;684;d 5;1;1;rue jean moulin;1
15/10/2025;546;684;d 5;1;1;rue d estienne d orves;4
15/10/2025;547;651;d 1;1;1;cours marigny;4
15/10/2025;544;673;d 5;1;1;avenue du chateau;2
15/10/2025;547;697;d 1;1;1;villa d idalie;4
15/10/2025;547;697;d 1;3;2;rue d idalie;3, 7
15/10/2025;547;697;d 1;10;9;avenue foch;4, 21, 23, 27, 37, 39, 41, 49, 55
15/10/2025;547;697;d 1;4;2;avenue fayolle;1, 3
15/10/2025;547;697;d 1;10;7;avenue pierre brossolette;7, 10, 14, 18, 22, 52, 54
15/10/2025;547;697;d 1;6;5;cours marigny;3, 7, 17, 41, 67
15/10/2025;547;693;d 2;28;17;avenue de paris;1BIS, 5, 7, 11, 12, 13, 16, 18, 21, 31, 33, 42, 43, 51, 59, 72, 90, 96
15/10/2025;547;694;d 3;23;15;avenue de paris;102, 112, 114BIS, 116, 122, 124, 128, 140, 144, 152, 162, 164, 166, 168BIS, 170
15/10/2025;547;695;d 4;18;15;rue de fontenay;1, 18, 19, 26, 40, 52, 105, 107, 109, 127, 155, 157, 169, 173, 174, 189, 195, 67, 73, 82, 84, 85, 95, 110, 146, 111, 117, 129, 180, 181, 184, 190, 194, 224, 242, 16, 33, 35, 36, 46, 51, 53, 54, 56, 62, 74, 76, 78, 80, 87, 89, 91, 120, 122
15/10/2025;547;696;d 5;34;23;rue de fontenay;1, 18, 19, 26, 40, 52, 105, 107, 109, 127, 155, 157, 169, 173, 174, 189, 195, 67, 73, 82, 84, 85, 95, 110, 146, 111, 117, 129, 180, 181, 184, 190, 194, 224, 242, 16, 33, 35, 36, 46, 51, 53, 54, 56, 62, 74, 76, 78, 80, 87, 89, 91, 120, 122
15/10/2025;547;696;d 5;7;4;avenue gabriel peri;1, 11, 37, 49
14/10/2025;546;681;d 2;3;2;rue dohis;3, 5
14/10/2025;546;681;d 2;11;9;rue des laitieres;2, 5, 9, 16, 25, 27, 34, 50, 53
14/10/2025;546;681;d 2;9;6;rue georges huchon;7, 11, 13, 17, 21, 24
14/10/2025;546;681;d 2;10;10;rue de la prevoyance;3, 4, 11, 23, 27, 28, 35, 50, 51, 59
14/10/2025;546;681;d 2;2;2;avenue georges clemenceau;17, 19
14/10/2025;546;681;d 2;1;1;rue eugene blot;3
14/10/2025;546;681;d 2;5;3;rue renon;3, 11, 36
14/10/2025;546;681;d 2;6;6;rue victor basch;4, 6, 10, 30, 36, 41
14/10/2025;546;682;d 3;3;3;rue de lagny;5, 25, 29
14/10/2025;546;682;d 3;2;2;rue fays;28, 30
14/10/2025;546;682;d 3;5;4;rue celine robert;3, 12, 30, 46
14/10/2025;546;682;d 3;2;2;rue charles marinier;1, 5
14/10/2025;546;683;d 4;11;10;rue massue;1, 4, 5, 11, 15, 19, 21, 31, 32, 54
14/10/2025;542;683;d 4;3;3;avenue de la republique;1, 11, 18
14/10/2025;546;683;d 4;2;2;rue de l egalite;6, 14
14/10/2025;546;683;d 4;11;10;avenue aubert;44, 56, 60, 62, 76, 78, 86, 92, 94, 106
14/10/2025;546;684;d 5;9;3;avenue antoine quinson;2, 4, 14
14/10/2025;546;684;d 5;2;2;rue du docteur lebel;9, 11
14/10/2025;546;684;d 5;2;2;rue eugenie gerard;3, 6
14/10/2025;546;684;d 5;1;1;rue villebois mareuil;19
14/10/2025;546;684;d 5;6;5;rue de montreuil;6, 7, 11, 16, 20
14/10/2025;544;684;d 5;5;5;rue jean moulin;1, 3, 6, 16, 17
14/10/2025;546;684;d 5;2;1;rue d estienne d orves;4
14/10/2025;547;651;d 1;1;1;rue d idalie;6
14/10/2025;541;651;d 1;1;1;rue de conde sur noireau;4
14/10/2025;541;651;d 1;1;1;avenue de vorges;6
14/10/2025;541;651;d 1;3;3;rue de la liberte;22, 11, 30BIS, 32, 23, 7TER, 13, 30, 30TER, 15, 29, 9BIS, 18, 52, 45
14/10/2025;541;651;d 1;11;4;rue joseph gaillard;11, 12, 14, 17, 18
14/10/2025;541;651;d 1;8;5;rue joseph gaillard;47, 53, 55, 71, 83
14/10/2025;541;652;d 2;2;2;rue charles silvestri;42, 44
14/10/2025;541;652;d 2;4;3;rue leroyer;8, 19, 40
14/10/2025;541;652;d 2;2;2;rue de la solidarite;40, 44
14/10/2025;541;652;d 2;3;3;rue crebillon;8, 12, 17
14/10/2025;541;653;d 3;19;13;rue diderot;11, 13, 28, 39BIS, 40, 44, 45, 48, 53, 56, 59, 60
14/10/2025;541;653;d 3;2;1;rue charles silvestri;38
14/10/2025;541;653;d 3;2;2;rue de la liberte;22, 11, 30BIS, 32, 23, 7TER, 13, 30, 30TER, 15, 29, 9BIS, 18, 52, 45
14/10/2025;541;653;d 3;2;1;villa lamarre;13
14/10/2025;541;654;d 4;16;7;rue du commandant mowat;3, 5, 7, 12, 18, 53, 64
14/10/2025;541;654;d 4;13;7;boulevard de la liberation;41, 49, 78, 88, 94BIS, 96
14/10/2025;541;654;d 4;1;1;rue de la liberte;22, 11, 30BIS, 32, 23, 7TER, 13, 30, 30TER, 15, 29, 9BIS, 18, 52, 45
14/10/2025;541;654;d 4;11;9;rue de la jarry;81, 95, 103, 106, 111, 138, 154, 188, 202
14/10/2025;541;655;d 5;11;10;rue diderot;99, 111, 120, 129, 153, 172, 205, 207, 215, 228
14/10/2025;545;655;d 5;1;1;rue jules massenet;18
14/10/2025;541;655;d 5;10;3;rue de la bienfaisance;45, 46, 51
14/10/2025;541;655;d 5;2;2;rue de la renardiere;4, 16
14/10/2025;541;655;d 5;2;2;rue guynemer;3, 5
14/10/2025;541;655;d 5;2;1;villa faie felix;4
14/10/2025;541;655;d 5;3;3;rue faie felix;6, 9, 12
14/10/2025;548;0;inconnu;1;1;rue raymond du temple;89
14/10/2025;546;683;d 4;1;1;avenue aubert;94
14/10/2025;542;657;d 1;5;2;rue de montreuil;15, 21TER
14/10/2025;546;657;d 1;4;4;avenue aubert;12, 14, 22, 30
14/10/2025;542;657;d 1;13;11;avenue de la republique;30, 33, 35, 45, 48, 50, 57, 78, 92, 107BIS, 128
14/10/2025;542;657;d 1;1;1;rue daumesnil;15
14/10/2025;542;657;d 1;5;4;rue mirabeau;12, 19, 25, 30
14/10/2025;542;657;d 1;5;5;rue de strasbourg;4, 28BIS, 44, 60, 80
14/10/2025;542;658;d 2;1;1;villa david;5
14/10/2025;542;658;d 2;3;2;square daumesnil;1, 4
14/10/2025;542;658;d 2;3;3;rue charles pathe;2, 5, 8
14/10/2025;542;658;d 2;1;1;allee georges pompidou;4, 7, 16
14/10/2025;547;658;d 2;1;1;rue de fontenay;164
14/10/2025;542;658;d 2;2;2;avenue du chateau;49, 51
14/10/2025;542;659;d 3;3;2;rue du midi;9, 11
14/10/2025;548;659;d 3;9;8;rue raymond du temple;2, 3, 7, 12, 17, 54, 64
14/10/2025;548;659;d 3;3;3;rue lejemptel;5, 8, 9
14/10/2025;547;659;d 3;1;1;avenue de paris;16
14/10/2025;542;659;d 3;6;4;avenue du chateau;30, 37, 42, 48
14/10/2025;542;660;d 4;9;9;rue de montreuil;35, 37, 39BIS, 41, 74, 88, 108BIS, 114, 120
14/10/2025;542;660;d 4;3;3;rue de l eglise;4BIS, 20, 24
14/10/2025;542;661;d 5;7;4;rue de la paix;9BIS, 14, 22, 25
14/10/2025;542;661;d 5;4;4;rue de la fraternite;4, 6, 10, 12
14/10/2025;542;661;d 5;2;2;rue monmory;12, 16
14/10/2025;542;661;d 5;4;3;rue des meuniers;3, 5, 17BIS
14/10/2025;544;669;d 1;4;4;avenue du general de gaulle;16, 22, 34, 50
14/10/2025;544;669;d 1;1;1;passage jean bastide;2
14/10/2025;544;669;d 1;1;1;rue du donjon;16
14/10/2025;544;669;d 1;7;5;rue anatole france;8, 17, 25, 28, 30
14/10/2025;544;669;d 1;3;3;rue louis besquel;1, 8, 19
14/10/2025;544;669;d 1;6;3;avenue des minimes;42, 44, 62
14/10/2025;544;670;d 2;8;7;avenue du petit parc;20, 22, 28, 30, 34, 36, 39
14/10/2025;544;670;d 2;3;3;allee jacques daguerre;1, 6, 8
14/10/2025;544;670;d 2;10;5;allee nicephore niepce;3, 4, 6, 7, 11, 15
14/10/2025;544;671;d 3;10;5;avenue du petit parc;7, 8, 10, 11, 13, 18, 19
14/10/2025;544;671;d 3;2;1;allee felix nadar;3
14/10/2025;544;671;d 3;3;3;rue du lieutenant heitz;6, 8, 13
14/10/2025;544;671;d 3;9;7;rue des vignerons;6, 14, 18, 31, 40, 48, 50
14/10/2025;544;672;d 4;9;5;rue jean moulin;25, 28BIS, 30BIS, 36, 49
14/10/2025;544;672;d 4;9;5;avenue franklin roosevelt;8, 20, 30, 36, 38
14/10/2025;544;672;d 4;1;1;rue du marechal maunoury;15
14/10/2025;546;673;d 5;3;3;rue d estienne d orves;25, 29, 31
14/10/2025;546;673;d 5;1;1;avenue lamartine;11
14/10/2025;544;673;d 5;4;3;rue saulpic;1, 5, 8
14/10/2025;544;673;d 5;10;8;rue robert giraudineau;2, 6, 13BIS, 18, 21, 26, 35, 41
14/10/2025;546;673;d 5;5;2;rue segond;3, 4
14/10/2025;544;673;d 5;8;7;rue du midi;20, 21, 25, 26, 28, 33, 35
14/10/2025;544;673;d 5;14;9;avenue du chateau;3, 5, 6, 12, 18BIS, 19, 24, 25, 27
04/03/2026;544;669;d 1;9;7;avenue du general de gaulle;8, 10, 10BIS, 36, 46, 50
04/03/2026;544;669;d 1;2;1;passage jean bastide;2
04/03/2026;544;669;d 1;2;2;rue du donjon;2, 4
04/03/2026;544;669;d 1;14;7;rue anatole france;8, 16, 28, 29, 30, 32, 33
04/03/2026;544;669;d 1;9;6;rue louis besquel;1, 3BIS, 7, 8, 10, 32
04/03/2026;544;669;d 1;12;8;avenue des minimes;8, 30, 38, 44, 62
04/03/2026;544;670;d 2;13;8;avenue du petit parc;20, 22, 25, 26, 27, 28, 38BIS, 40
04/03/2026;544;670;d 2;2;2;cours louis lumiere;10, 12
04/03/2026;544;670;d 2;8;5;allee jacques daguerre;1, 2, 4, 5, 7
04/03/2026;544;670;d 2;7;5;allee nicephore niepce;3, 6, 8, 11, 15
04/03/2026;544;671;d 3;15;9;avenue du petit parc;1, 6, 8, 11, 13, 15, 18, 19
04/03/2026;544;671;d 3;7;4;rue du lieutenant heitz;6, 8, 23, 27
04/03/2026;544;671;d 3;13;8;rue des vignerons;3, 15, 18, 22, 25, 40, 52, 54
04/03/2026;544;672;d 4;9;8;avenue franklin roosevelt;10, 12, 20, 24, 28, 34, 36, 38
04/03/2026;544;672;d 4;1;1;place berault;1
04/03/2026;544;672;d 4;10;4;rue jean moulin;25, 28, 28BIS, 49
04/03/2026;546;673;d 5;5;3;rue segond;1, 3, 4
04/03/2026;546;673;d 5;2;2;rue d estienne d orves;10, 14
04/03/2026;544;673;d 5;1;1;rue robert giraudineau;14
04/03/2026;544;673;d 5;8;7;rue du midi;20, 26, 27, 28, 35
04/03/2026;544;673;d 5;14;9;avenue du chateau;5, 6, 8, 9, 11, 16, 17, 22, 24
03/03/2026;546;681;d 2;1;1;rue dohis;22
03/03/2026;546;681;d 2;13;7;rue des laitieres;10, 20A, 25, 28, 34, 45, 46, 47BIS
03/03/2026;546;681;d 2;15;7;rue georges huchon;RC2, 3, 6, 7, 10, 15, 30
03/03/2026;546;681;d 2;8;7;rue de la prevoyance;2, 3, 17, 23, 33, 35, 49
03/03/2026;546;681;d 2;10;4;avenue georges clemenceau;5, 13, 14, 18
03/03/2026;546;681;d 2;2;2;rue eugene blot;1, 3
03/03/2026;546;681;d 2;2;2;rue renon;3, 24
03/03/2026;546;681;d 2;3;3;rue victor basch;2BIS, 6, 32
03/03/2026;546;682;d 3;5;4;rue de lagny;21, 25, 39, 45
03/03/2026;546;682;d 3;3;3;rue celine robert;3, 12, 46
03/03/2026;546;683;d 4;6;6;rue massue;11, 21, 30, 31, 35, 55
03/03/2026;542;683;d 4;2;2;avenue de la republique;2, 29
03/03/2026;546;683;d 4;1;1;rue de l egalite;9
03/03/2026;546;683;d 4;1;1;rue de colmar;5
03/03/2026;546;683;d 4;4;3;avenue aubert;42, 60, 79
03/03/2026;546;684;d 5;1;1;avenue antoine quinson;2
03/03/2026;546;684;d 5;3;2;rue eugene loeuil;3, 4
03/03/2026;546;684;d 5;1;1;rue du docteur lebel;17
03/03/2026;546;684;d 5;1;1;rue eugenie gerard;3
03/03/2026;546;684;d 5;4;3;rue villebois mareuil;9, 18, 19
03/03/2026;546;684;d 5;1;1;rue de montreuil;6
03/03/2026;544;684;d 5;5;4;rue jean moulin;2, 2TER, 3, 17
07/03/2026;544;669;d 1;1;1;avenue du general de gaulle;10BIS
07/03/2026;544;671;d 3;5;4;rue du lieutenant heitz;2, 6, 11, 13
07/03/2026;544;671;d 3;10;9;rue des vignerons;1, 3, 5, 6, 15, 30, 33, 43, 52
07/03/2026;544;672;d 4;3;3;avenue franklin roosevelt;20, 34, 38
07/03/2026;544;672;d 4;1;1;place berault;8
07/03/2026;544;672;d 4;4;2;rue jean moulin;28BIS, 49
07/03/2026;546;673;d 5;1;1;rue segond;3
07/03/2026;546;673;d 5;3;2;rue d estienne d orves;10, 29
07/03/2026;546;673;d 5;2;1;avenue lamartine;11
07/03/2026;544;673;d 5;7;6;rue robert giraudineau;2, 11, 14, 31, 35, 36
07/03/2026;544;673;d 5;2;2;rue saulpic;5, 11
07/03/2026;544;673;d 5;9;7;rue du midi;19, 20, 21, 22, 26, 28, 32
07/03/2026;544;673;d 5;11;8;avenue du chateau;1, 2, 6, 12, 17, 20, 22, 24
06/03/2026;547;694;d 3;1;1;avenue de paris;RC150
06/03/2026;546;681;d 2;4;4;rue dohis;9, 10, 12, 16
06/03/2026;546;681;d 2;20;13;rue des laitieres;3, 5, 9, 10, 13, 16, 25, 27, 31, 41, 47BIS, 56, 58
06/03/2026;546;681;d 2;26;10;rue georges huchon;RC2, 7, 8, 9, 12, 13, 15, 24, 28, 30
06/03/2026;546;681;d 2;7;7;rue de la prevoyance;3, 12, 19, 22, 28, 40, 47
06/03/2026;546;681;d 2;9;5;avenue georges clemenceau;5, 13, 14, 17, 19
06/03/2026;546;681;d 2;2;2;rue renon;3, 6
06/03/2026;546;681;d 2;4;4;rue victor basch;2BIS, 4, 14, 33
06/03/2026;546;682;d 3;7;6;rue de lagny;25, 29, 39, 45, 45BIS, 49
06/03/2026;546;682;d 3;4;3;rue fays;14, 24, 28
06/03/2026;546;682;d 3;7;3;rue celine robert;3, 22, 26
06/03/2026;546;682;d 3;1;1;rue charles marinier;4
06/03/2026;546;683;d 4;12;11;rue massue;8, 11, 19, 21, 25, 26, 29, 30, 31, 45, 54
06/03/2026;542;683;d 4;5;4;avenue de la republique;5, 7, 11, 18
06/03/2026;546;683;d 4;1;1;rue de l egalite;4
06/03/2026;546;683;d 4;1;1;rue de colmar;4
06/03/2026;546;683;d 4;15;9;avenue aubert;44, 56, 60, 62, 64BIS, 74, 78, 92, 94
06/03/2026;546;684;d 5;6;4;avenue antoine quinson;2, 4, 10, 12
06/03/2026;546;684;d 5;1;1;rue eugene loeuil;13
06/03/2026;546;684;d 5;2;1;rue eugenie gerard;5
06/03/2026;546;684;d 5;8;7;rue villebois mareuil;3, 5, 9, 14, 18, 19
06/03/2026;546;684;d 5;6;5;rue de montreuil;22, 26, 30, 32
06/03/2026;544;684;d 5;3;2;rue jean moulin;2TER, 3
06/03/2026;546;684;d 5;2;2;rue d estienne d orves;4, 8
15/10/2025;541;655;d 5;27;20;rue diderot;75, 79, 95, 99, 100, 102, 120, 159, 162, 176, 187, 188, 207, 210, 216, 217, RC215, 225, 231, 275
15/10/2025;541;655;d 5;1;1;rue de la bienfaisance;45
15/10/2025;541;655;d 5;2;2;villa faie felix;3, 4
15/10/2025;541;655;d 5;3;2;rue faie felix;1, 18
15/10/2025;542;658;d 2;5;2;allee georges pompidou;16, 18
15/10/2025;542;660;d 4;17;12;rue de montreuil;31BIS, 35, 37, 78, RC82, 92, 98BIS, 108, 108BIS, 112, 118, 138
15/10/2025;542;661;d 5;16;12;rue de la paix;1, 4, 4BIS, 6BIS, 9TER, 11, 19, 22, 25, 28, 58
15/10/2025;542;661;d 5;5;4;rue de la fraternite;6, 8, 10, 12
15/10/2025;542;661;d 5;2;2;rue monmory;12, 14
15/10/2025;542;661;d 5;7;2;rue de belfort;11, 25
15/10/2025;542;661;d 5;1;1;rue gilbert clerfayt;6
15/10/2025;542;661;d 5;12;9;rue des meuniers;3, 5, 7, 13, 15, 17BIS, 39, 51, RC55
15/10/2025;541;999;inst9;1;1;rue diderot;RC124
15/01/2026;546;657;d 1;3;3;rue de montreuil;13, 21TER, 56
15/01/2026;546;657;d 1;6;5;avenue aubert;14, 20, 22, 26, 28
15/01/2026;542;657;d 1;27;17;avenue de la republique;34, 36BIS, 42, 50, 57, 58, 63, 76, 83, 92, 95, 97, 101, 113, 123, 128, 133
15/01/2026;544;659;d 3;1;1;avenue du chateau;28
15/01/2026;546;659;d 3;3;2;rue d estienne d orves;16, 31, AO
15/01/2026;546;673;d 5;1;1;avenue lamartine;1
15/01/2026;544;673;d 5;20;14;rue robert giraudineau;2, 6, 8, 12, 14, 18, 20, 21, 22, 23, 28, 35, 45, 57
15/01/2026;544;673;d 5;7;4;rue saulpic;5, 6, 7, 12
15/01/2026;544;673;d 5;74;14;rue du midi;19, 20, 21, 22, 26, 27, 28, 29, 31, 32, 33, 35, 40, 40(22)
15/01/2026;544;673;d 5;59;17;avenue du chateau;1, 1BIS, 2, 3, 5, 8, 9, 12, 13, 14, 16, 17, 19, 22, 24, 25
07/03/2026;546;681;d 2;1;1;rue des laitieres;RC27BIS
07/03/2026;545;686;d 1;3;2;rue felix faure;5BIS, 10
07/03/2026;545;686;d 1;6;1;rue defrance;109
07/03/2026;545;686;d 1;1;1;rue des pommiers;1
07/03/2026;545;686;d 1;4;2;avenue paul deroulede;4, 3, 10
07/03/2026;545;686;d 1;1;1;allee jacques bainville;6
07/03/2026;545;687;d 2;7;3;rue jules massenet;34, 84, 36, 38
07/03/2026;545;687;d 2;38;17;rue defrance;1, RC4, 7, 24, 26, 29, 31, 38, 56, 58, 69, 68, 80, 84, 89, 111, 130
07/03/2026;545;687;d 2;3;3;villa georges serre;3
07/03/2026;541;687;d 2;3;2;rue de la jarry;78, 86
07/03/2026;545;688;d 3;3;2;rue des sabotiers;RC6, 7
07/03/2026;545;688;d 3;16;11;boulevard de la liberation;5, 8, 9, 12, 20, 24, 32, 36, 52, 54, 58
07/03/2026;545;688;d 3;1;1;place jean spire lemaitre;
07/03/2026;545;689;d 4;6;5;avenue des murs du parc;1, 13, 14, 23, 25
07/03/2026;545;689;d 4;1;1;place du marechal lyautey;1
07/03/2026;545;689;d 4;20;4;rue clement vienot;8, 8BIS, RC10, 13BIS
07/03/2026;545;689;d 4;2;1;rue adolphe alphand;1
07/03/2026;545;689;d 4;1;1;rue alexandre de la faluere;
07/03/2026;545;690;d 5;1;1;allee leonard marie lemayre;13
07/03/2026;545;690;d 5;1;1;allee augustin de luzy;2
07/03/2026;545;690;d 5;5;3;rue des pommiers;8, 9, 13
07/03/2026;545;690;d 5;2;2;rue de l industrie;6, 10
07/03/2026;545;690;d 5;4;3;rue de la bienfaisance;3BIS, 8, 33
07/03/2026;545;690;d 5;4;4;avenue paul deroulede;29, 35, 37, 39
07/03/2026;545;690;d 5;3;3;rue emile dequen;7, 26, 29
26/11/2025;542;683;d 4;7;5;avenue de la republique;1, 5, 9, 11, 18
26/11/2025;546;683;d 4;6;5;rue de l egalite;3, 4, 7, 10, 14
26/11/2025;546;683;d 4;6;4;rue de colmar;2, 3, 5, 6
26/11/2025;546;683;d 4;14;11;avenue aubert;42, 44, 60, 62, 64, 64BIS, 78, 82, 86, 94, 102
26/11/2025;546;684;d 5;3;2;rue eugenie gerard;5, 6
26/11/2025;546;684;d 5;6;5;rue villebois mareuil;3, 6, 14, 16, 19
26/11/2025;546;684;d 5;3;3;rue de montreuil;7, 26
26/11/2025;544;684;d 5;6;4;rue jean moulin;2TER, 6BIS, 8, 17
26/11/2025;546;684;d 5;4;3;rue d estienne d orves;4, 6, 8
26/11/2025;545;687;d 2;58;28;rue defrance;12, 16, 22, 26, 31, 34, 38, 46, 50, 53, 56, 57, 58, 65, 69, 73, 81, 85, 86, 89, 91, 100, 120, 128, 130, 137, 139, 147
29/11/2025;545;687;d 2;47;25;rue defrance;1, 14, 16, 18, 24, 26, 31, 34, 38, 46, 55, 56, 57, 58, 63, 65, 80, 89, 91, 92, 116, 120, 130, 140, 143
29/11/2025;546;681;d 2;3;2;rue victor basch;2BIS, 30
29/11/2025;542;683;d 4;3;2;avenue de la republique;11, 14, 29
29/11/2025;546;683;d 4;2;2;rue de l egalite;5, 7
29/11/2025;546;683;d 4;9;4;rue de colmar;3, 4, 5, 6
29/11/2025;546;683;d 4;15;10;avenue aubert;42, 44, 60, 62, 78, 80, 86, 92, 94
29/11/2025;546;684;d 5;4;4;rue eugenie gerard;6, 7, 11, 13
29/11/2025;546;684;d 5;4;4;rue villebois mareuil;1, 6, 8, 16
29/11/2025;546;684;d 5;3;3;rue de montreuil;7, 12, 26
29/11/2025;544;684;d 5;6;3;rue jean moulin;1, 2TER, 8
29/11/2025;546;684;d 5;1;1;rue d estienne d orves;6
12/03/2026;545;;d 1;;;allee paul barillon;4
12/03/2026;545;;d 5;;;allee louis -nicolas mabille;6
12/03/2026;545;;d 5;;;allee du docteur schweitzer;1
12/03/2026;541;;d 1;;;rue des trois territoires;43
12/03/2026;541;;d 1;;;rue des trois territoires;43
12/03/2026;547;;d 1;;;rue de fontenay;1, 18, 19, 26, 40, 52, 105, 107, 109, 127, 155, 157, 169, 173, 174, 189, 195, 67, 73, 82, 84, 85, 95, 110, 146, 111, 117, 129, 180, 181, 184, 190, 194, 224, 242, 16, 33, 35, 36, 46, 51, 53, 54, 56, 62, 74, 76, 78, 80, 87, 89, 91, 120, 122
12/03/2026;541;;d 1;;;rue diderot;93
12/03/2026;541;;d 1;;;rue diderot;13
12/03/2026;542;;d 1;;;rue des deux communes;2, 4, 10, 20, 2BIS, 6, 8, 22BIS, 2TER, 24
12/03/2026;546;;d 1;;;rue jean moulin;22
12/03/2026;547;;d 1;;;rue de fontenay;
12/03/2026;542;;d 1;;;avenue de la republique;
12/03/2026;542;;d 1;;;avenue de la republique;
12/03/2026;541;;d 1;;;Rue de Fontenay;79
12/03/2026;541;;d 1;;;Rue Joseph Gaillard;53
12/03/2026;541;;d 1;;;Rue Joseph Gaillard;15
12/03/2026;541;;d 1;;;Rue Diderot;34
